Strain_ID,Oxytetracycline,Doxycycline,Tulathromycin,Spectinomycin,Gentamicin,Tiamulin,Trimethoprim_Sulphamethoxazole,Enrofloxacin,Penicillin,Ampicillin,Amoxicillin_Clavulanic_acid,Ceftiofur,Florfenicol
Strain_0001,1,0,1,1,0,0,1,0,0,1,0,1,1
Strain_0002,0,1,0,0,1,0,0,0,1,1,0,0,0
Strain_0003,0,0,0,1,1,0,1,0,1,0,0,0,1
Strain_0004,1,1,0,0,1,1,1,0,0,0,0,1,1
Strain_0005,1,1,0,1,0,1,0,0,1,1,0,0,0
Strain_0006,1,1,0,1,1,1,1,0,1,1,0,1,1
Strain_0007,0,0,1,0,1,1,1,0,1,1,1,0,1
Strain_0008,0,0,1,1,0,0,0,1,1,0,0,0,0
Strain_0009,0,0,1,0,1,1,0,1,0,1,0,1,0
Strain_0010,0,0,0,1,1,1,1,0,0,1,0,0,1
Strain_0011,1,0,0,1,0,0,0,1,1,1,1,0,1
Strain_0012,1,1,0,0,1,1,1,0,1,0,0,0,0
Strain_0013,0,0,0,0,1,1,1,1,1,1,0,0,0
Strain_0014,0,1,0,1,1,1,0,0,1,0,1,1,1
Strain_0015,1,0,1,0,0,1,0,0,0,1,0,0,1
Strain_0016,1,1,0,0,1,0,1,0,1,0,0,1,0
Strain_0017,1,0,1,0,0,1,1,0,0,1,1,0,0
Strain_0018,0,0,0,0,0,1,0,1,1,0,1,0,1
Strain_0019,0,0,1,1,1,1,1,0,0,0,0,1,0
Strain_0020,0,0,1,0,0,0,0,0,1,0,0,1,1
Strain_0021,1,1,1,1,1,0,0,0,1,1,1,1,1
Strain_0022,1,0,0,1,1,1,0,0,0,1,0,0,0
Strain_0023,0,1,0,0,1,1,1,0,1,1,0,0,0
Strain_0024,1,0,0,1,0,0,0,0,0,1,0,0,1
Strain_0025,1,1,1,1,0,1,0,0,0,1,0,1,0
Strain_0026,1,0,1,1,1,1,0,1,1,1,0,0,1
Strain_0027,0,1,0,1,1,1,1,0,0,1,0,0,1
Strain_0028,1,0,0,1,1,0,0,0,0,1,0,0,0
Strain_0029,1,0,1,0,0,0,0,0,0,1,0,1,1
Strain_0030,0,1,0,1,1,0,0,0,0,0,0,1,1
Strain_0031,1,0,0,0,1,1,0,0,0,0,1,0,1
Strain_0032,0,1,1,0,1,1,1,0,1,1,0,1,0
Strain_0033,1,0,1,0,0,1,1,0,0,0,1,0,1
Strain_0034,0,0,0,1,1,1,0,1,1,0,0,0,0
Strain_0035,0,1,1,1,1,0,0,1,1,1,1,1,1
Strain_0036,0,0,1,1,0,1,1,0,0,0,0,0,1
Strain_0037,1,0,0,0,1,1,0,0,1,1,0,0,1
Strain_0038,0,0,0,0,1,0,0,0,1,1,0,0,1
Strain_0039,1,1,0,0,1,0,0,1,0,0,0,0,1
Strain_0040,0,1,0,0,0,1,0,0,1,0,0,1,1
Strain_0041,0,1,0,0,0,0,1,0,0,1,0,0,1
Strain_0042,0,0,1,0,1,1,0,1,0,0,0,0,1
Strain_0043,1,0,1,0,1,0,1,0,1,0,0,0,0
Strain_0044,1,0,1,0,1,0,0,0,0,0,0,0,1
Strain_0045,0,0,1,0,1,1,0,0,1,1,0,0,1
Strain_0046,1,1,0,1,0,1,1,1,1,1,0,1,1
Strain_0047,0,1,0,0,1,0,0,0,1,1,1,0,0
Strain_0048,0,0,0,0,1,1,0,0,0,1,0,0,1
Strain_0049,0,1,0,0,0,1,0,0,0,1,1,1,1
Strain_0050,0,0,0,0,1,1,1,0,0,1,0,1,1
Strain_0051,1,0,0,1,1,1,0,0,1,0,0,0,0
Strain_0052,0,0,1,1,1,1,0,0,1,1,0,0,0
Strain_0053,0,1,0,0,1,1,0,0,0,1,0,1,0
Strain_0054,0,0,0,0,0,0,0,0,1,1,0,0,1
Strain_0055,0,0,0,0,0,1,1,0,0,1,0,1,1
Strain_0056,0,0,1,0,1,0,0,0,0,1,0,0,1
Strain_0057,1,1,1,1,1,0,1,0,1,0,0,0,1
Strain_0058,1,1,0,0,0,0,1,0,1,1,1,0,0
Strain_0059,0,1,1,0,0,0,0,0,1,1,0,0,0
Strain_0060,0,0,1,0,1,0,1,1,1,0,0,0,1
Strain_0061,1,1,0,0,1,0,1,1,0,0,0,0,1
Strain_0062,0,1,0,0,0,0,0,0,0,0,0,0,1
Strain_0063,0,0,0,0,1,1,1,0,0,0,1,1,1
Strain_0064,0,1,1,1,1,1,1,1,0,1,1,0,1
Strain_0065,0,0,1,1,0,0,0,0,1,1,0,0,1
Strain_0066,0,0,0,1,1,1,0,0,0,1,0,1,0
Strain_0067,0,0,1,1,0,1,0,0,0,1,0,1,0
Strain_0068,1,0,0,0,1,1,0,1,1,1,0,1,0
Strain_0069,0,1,0,0,0,1,1,0,0,1,0,1,1
Strain_0070,0,0,0,0,1,1,0,1,1,0,0,1,1
Strain_0071,0,0,0,1,1,1,0,0,1,1,1,0,0
Strain_0072,0,0,1,1,1,0,0,0,0,1,1,1,0
Strain_0073,1,0,1,0,0,1,1,0,0,1,1,1,0
Strain_0074,0,0,0,1,1,1,0,0,0,1,1,1,1
Strain_0075,0,0,1,0,1,0,0,0,0,1,1,0,0
Strain_0076,0,0,0,1,0,1,0,1,1,1,1,0,1
Strain_0077,0,0,0,1,0,1,1,0,1,1,0,1,1
Strain_0078,1,0,0,0,1,0,1,0,0,0,0,1,0
Strain_0079,0,0,1,0,1,1,0,0,0,0,0,0,1
Strain_0080,0,1,1,1,0,1,0,1,1,0,0,0,1
Strain_0081,0,1,0,0,1,0,1,0,1,1,1,0,0
Strain_0082,1,0,1,1,1,0,1,0,1,0,0,1,1
Strain_0083,0,0,1,1,0,1,0,0,0,1,0,1,1
Strain_0084,1,0,0,1,1,1,0,0,0,0,0,1,1
Strain_0085,1,0,0,0,1,1,0,1,0,0,0,0,0
Strain_0086,0,0,0,1,0,1,0,0,1,1,0,1,1
Strain_0087,0,0,0,0,1,1,1,0,0,0,0,0,0
Strain_0088,0,1,0,1,0,0,0,0,1,0,0,1,1
Strain_0089,0,0,0,0,0,0,1,0,0,1,0,0,1
Strain_0090,0,0,0,1,0,0,0,1,1,0,0,1,0
Strain_0091,0,0,1,1,0,1,1,0,1,0,1,1,0
Strain_0092,0,1,0,0,1,0,0,0,1,1,0,0,0
Strain_0093,1,0,0,0,0,0,0,0,0,1,0,0,0
Strain_0094,0,0,1,1,0,0,1,1,1,1,1,0,0
Strain_0095,0,1,0,0,0,1,0,1,0,1,1,0,1
Strain_0096,1,1,0,1,0,0,0,0,1,0,0,1,1
Strain_0097,0,1,1,0,0,1,0,0,0,0,1,1,0
Strain_0098,0,0,0,0,1,0,1,0,1,1,0,0,0
Strain_0099,0,0,1,0,0,0,0,0,1,1,0,1,0
Strain_0100,0,0,1,0,0,0,0,0,0,1,1,1,1
Strain_0101,0,0,1,0,1,0,0,1,1,1,1,1,0
Strain_0102,0,0,0,1,0,1,1,0,1,0,0,0,0
Strain_0103,0,0,1,1,1,1,0,1,0,1,0,1,1
Strain_0104,0,1,0,1,0,1,0,0,0,0,0,1,0
Strain_0105,0,1,0,1,0,1,0,0,0,1,0,1,1
Strain_0106,0,0,0,0,1,0,0,1,1,0,0,0,0
Strain_0107,1,0,1,0,1,0,0,0,0,1,0,1,1
Strain_0108,1,1,1,0,0,1,0,0,1,1,1,1,1
Strain_0109,1,0,1,0,1,1,0,0,0,1,0,1,0
Strain_0110,0,1,1,0,1,1,0,0,0,0,0,0,0
Strain_0111,0,0,1,1,1,0,0,0,0,0,0,0,0
Strain_0112,0,0,1,0,1,0,1,0,0,1,1,1,0
Strain_0113,0,0,0,0,0,1,0,0,0,1,0,0,1
Strain_0114,0,1,0,1,0,0,0,0,0,1,0,0,1
Strain_0115,0,1,0,1,0,1,1,0,1,1,0,0,0
Strain_0116,0,0,0,0,1,1,1,0,0,1,0,1,1
Strain_0117,0,0,1,0,1,1,0,0,1,0,0,1,1
Strain_0118,0,1,1,1,0,1,1,0,0,0,1,0,1
Strain_0119,1,0,1,1,0,1,0,0,0,1,0,0,0
Strain_0120,0,0,1,0,0,1,0,0,1,1,0,0,1
Strain_0121,0,0,0,1,1,0,1,0,0,1,0,0,1
Strain_0122,0,0,1,0,1,1,0,0,0,0,0,0,1
Strain_0123,1,1,1,1,0,0,0,0,1,0,0,1,1
Strain_0124,1,0,1,1,0,1,1,0,1,0,0,1,0
Strain_0125,0,0,0,0,1,0,1,0,0,1,0,1,1
Strain_0126,0,0,1,0,1,1,0,0,0,1,1,0,1
Strain_0127,0,1,1,1,1,0,0,0,0,1,1,1,0
Strain_0128,1,0,1,0,0,1,0,1,1,1,0,1,1
Strain_0129,0,1,1,0,0,1,0,0,0,1,0,1,1
Strain_0130,1,0,1,1,1,0,0,0,0,1,0,0,1
Strain_0131,1,0,1,1,0,1,1,0,1,1,0,0,0
Strain_0132,1,0,0,0,1,1,0,0,0,1,0,1,1
Strain_0133,1,1,1,0,1,1,1,0,0,0,0,1,0
Strain_0134,0,0,1,0,0,0,0,0,0,0,0,0,0
Strain_0135,1,1,0,1,0,0,1,0,1,1,0,0,1
Strain_0136,1,0,0,0,1,0,1,0,1,0,1,0,1
Strain_0137,0,0,0,0,1,0,0,1,0,0,0,1,0
Strain_0138,1,0,0,1,1,0,0,0,0,0,1,0,1
Strain_0139,0,0,1,1,0,1,0,0,0,1,0,1,1
Strain_0140,0,1,0,1,1,1,0,0,0,1,0,0,1
Strain_0141,0,1,1,0,1,1,0,0,1,1,1,1,1
Strain_0142,0,0,0,1,0,1,0,0,0,1,0,0,1
Strain_0143,0,0,1,0,1,1,1,0,0,1,0,0,1
Strain_0144,1,0,0,0,1,0,1,1,0,0,0,0,1
Strain_0145,0,0,0,1,1,1,1,1,1,1,0,1,0
Strain_0146,0,0,1,0,1,1,0,0,1,1,0,0,0
Strain_0147,0,0,0,0,1,0,1,0,0,1,0,1,1
Strain_0148,0,0,1,0,1,1,1,0,0,1,1,0,1
Strain_0149,0,0,1,1,1,1,0,0,0,1,0,0,1
Strain_0150,0,1,1,0,0,1,0,0,0,1,1,0,0
Strain_0151,1,0,1,0,0,0,0,0,0,1,0,1,0
Strain_0152,1,1,1,1,1,1,1,0,0,0,0,0,0
Strain_0153,0,0,1,0,0,0,1,0,0,1,0,1,1
Strain_0154,0,0,1,1,0,1,1,0,1,1,0,1,1
Strain_0155,0,1,1,0,0,1,0,0,1,1,0,1,1
Strain_0156,0,0,0,0,0,1,1,0,0,0,0,1,1
Strain_0157,1,1,0,0,0,1,0,0,0,1,0,1,1
Strain_0158,0,1,1,0,0,0,1,0,0,1,0,0,0
Strain_0159,0,0,1,0,1,0,0,0,0,0,0,1,0
Strain_0160,0,1,1,0,0,0,1,0,0,0,1,0,1
Strain_0161,0,1,1,0,0,0,1,0,0,1,0,0,0
Strain_0162,0,0,1,1,0,1,0,0,0,1,0,0,1
Strain_0163,1,1,0,0,1,1,0,0,1,1,1,0,0
Strain_0164,0,1,0,0,0,1,0,1,0,1,1,0,0
Strain_0165,0,0,0,1,0,0,1,0,0,0,0,1,1
Strain_0166,0,0,1,1,1,0,0,1,1,1,0,0,0
Strain_0167,1,0,0,0,1,1,0,0,0,0,0,0,0
Strain_0168,0,0,0,1,0,1,0,0,0,1,0,0,1
Strain_0169,1,0,0,0,1,1,1,1,0,1,0,1,1
Strain_0170,0,1,1,0,0,1,1,0,0,0,0,0,1
Strain_0171,1,0,1,1,1,1,0,0,0,0,0,1,1
Strain_0172,1,0,0,1,1,1,0,0,1,1,0,0,1
Strain_0173,1,0,0,0,1,0,1,0,0,1,1,1,0
Strain_0174,1,1,0,0,1,0,1,0,0,1,0,0,1
Strain_0175,0,1,1,0,1,0,0,0,1,1,0,1,1
Strain_0176,0,1,0,0,1,1,0,0,1,0,0,1,1
Strain_0177,1,0,1,0,0,1,0,0,0,1,1,0,0
Strain_0178,0,1,1,0,0,1,0,1,0,0,1,1,0
Strain_0179,0,1,1,0,1,1,0,1,1,1,0,1,1
Strain_0180,1,1,1,0,1,0,0,0,1,0,0,0,1
Strain_0181,0,0,0,0,1,1,0,0,0,0,0,0,1
Strain_0182,0,0,1,0,1,0,1,0,1,1,0,0,1
Strain_0183,0,0,0,1,0,0,1,0,0,0,0,1,1
Strain_0184,0,0,1,1,0,1,1,0,1,0,0,1,1
Strain_0185,0,0,0,0,0,0,0,1,0,1,0,0,1
Strain_0186,0,1,1,1,0,1,0,0,1,0,0,0,1
Strain_0187,0,0,0,0,0,1,1,0,0,1,0,0,1
Strain_0188,0,0,1,1,0,1,0,0,1,0,0,0,1
Strain_0189,0,1,1,0,0,0,0,0,0,1,0,1,1
Strain_0190,0,1,0,0,1,0,0,0,0,1,0,0,1
Strain_0191,0,0,1,1,1,0,0,1,0,1,0,0,0
Strain_0192,0,0,1,0,0,1,1,0,0,1,1,0,1
Strain_0193,0,0,0,0,1,1,0,0,1,0,1,0,1
Strain_0194,1,1,1,1,1,0,0,0,1,1,0,1,1
Strain_0195,0,0,1,0,0,1,0,0,0,1,1,0,0
Strain_0196,0,1,1,0,1,0,0,0,0,1,0,0,1
Strain_0197,1,0,1,0,0,0,0,0,0,1,1,0,0
Strain_0198,0,0,1,1,0,1,0,0,0,1,0,0,1
Strain_0199,0,1,0,1,1,1,0,0,0,1,0,0,1
Strain_0200,0,0,1,0,1,1,1,1,1,1,0,0,0
